{
  "created_at": "2026-03-12T16:04:15.548415",
  "n_sessions": 80,
  "seed": 42,
  "calibration_csv": "C:\\Android Projects\\InstagramTracker\\insta_data.csv",
  "profile": {
    "session_reels_mu": 16.3953488372093,
    "session_reels_sigma": 14.887390535998438,
    "dwell_mu": 5.75601314381838,
    "dwell_sigma": 4.0,
    "speed_mu": 6.642346164989385,
    "speed_sigma": 6.0,
    "gap_q10": 3.8000000000000007,
    "gap_q50": 46.0,
    "gap_q90": 406.1000000000007,
    "exit_rate_base": 0.28938216389344884,
    "rewatch_rate_base": 0.04170204824355937
  },
  "scenarios": {
    "improving": {
      "metadata": {
        "scenario": "improving",
        "n_sessions": 80,
        "seed": 42,
        "latent_risk_mean": 0.5140323349472455,
        "latent_risk_first": 0.8338374871802744,
        "latent_risk_last": 0.21626221793326317
      },
      "evaluation": {
        "scenario": "improving",
        "sessions_generated": 80,
        "sessions_scored": 80,
        "mean_first_window": 0.8800000000000001,
        "mean_last_window": 0.42750000000000005,
        "delta_last_minus_first": -0.45250000000000007,
        "model_confidence": 0.729574624183414,
        "model_confidence_pipeline": 0.7294421298863831,
        "night_mean_doom": 0.6845588235294119,
        "day_mean_doom": 0.6174242424242424,
        "session_transition_matrix": [
          [
            0.4838709677419355,
            0.5161290322580645
          ],
          [
            0.3541666666666667,
            0.6458333333333334
          ]
        ],
        "checks": {
          "confidence_reaches_minimum": true,
          "pipeline_confidence_matches_payload": true,
          "non_trivial_scoring": true,
          "threshold_crossings_observed": true,
          "trend_direction_expected": true,
          "last_window_healthier": true
        },
        "notes": {
          "mean_all_sessions": 0.6493749999999999,
          "std_all_sessions": 0.18724879004949538,
          "doom_share": 0.6
        },
        "pass_ratio": "6/6"
      },
      "files": {
        "csv_plain": "C:\\Android Projects\\InstagramTracker\\synthetic_validation_live\\improving\\synthetic_plain.csv",
        "csv_with_schema": "C:\\Android Projects\\InstagramTracker\\synthetic_validation_live\\improving\\synthetic_with_schema.csv"
      }
    },
    "worsening": {
      "metadata": {
        "scenario": "worsening",
        "n_sessions": 80,
        "seed": 1039,
        "latent_risk_mean": 0.5481278787628368,
        "latent_risk_first": 0.2542864962769501,
        "latent_risk_last": 0.8664219003393215
      },
      "evaluation": {
        "scenario": "worsening",
        "sessions_generated": 80,
        "sessions_scored": 80,
        "mean_first_window": 0.5475,
        "mean_last_window": 0.8700000000000001,
        "delta_last_minus_first": 0.3225000000000001,
        "model_confidence": 0.9990558015297709,
        "model_confidence_pipeline": 0.9990585858616587,
        "night_mean_doom": 0.671875,
        "day_mean_doom": 0.703448275862069,
        "session_transition_matrix": [
          [
            0.3181818181818182,
            0.6818181818181818
          ],
          [
            0.2631578947368421,
            0.7368421052631579
          ]
        ],
        "checks": {
          "confidence_reaches_minimum": true,
          "pipeline_confidence_matches_payload": true,
          "non_trivial_scoring": true,
          "threshold_crossings_observed": true,
          "trend_direction_expected": true,
          "last_window_worse": true
        },
        "notes": {
          "mean_all_sessions": 0.68875,
          "std_all_sessions": 0.16488158629756086,
          "doom_share": 0.725
        },
        "pass_ratio": "6/6"
      },
      "files": {
        "csv_plain": "C:\\Android Projects\\InstagramTracker\\synthetic_validation_live\\worsening\\synthetic_plain.csv",
        "csv_with_schema": "C:\\Android Projects\\InstagramTracker\\synthetic_validation_live\\worsening\\synthetic_with_schema.csv"
      }
    },
    "late_night_clusters": {
      "metadata": {
        "scenario": "late_night_clusters",
        "n_sessions": 80,
        "seed": 2036,
        "latent_risk_mean": 0.5152528829581788,
        "latent_risk_first": 0.5552217976423537,
        "latent_risk_last": 0.48193459564233165
      },
      "evaluation": {
        "scenario": "late_night_clusters",
        "sessions_generated": 80,
        "sessions_scored": 80,
        "mean_first_window": 0.8074999999999999,
        "mean_last_window": 0.55,
        "delta_last_minus_first": -0.25749999999999984,
        "model_confidence": 0.8553287481114596,
        "model_confidence_pipeline": 0.8554169919841282,
        "night_mean_doom": 0.8089285714285717,
        "day_mean_doom": 0.6163461538461538,
        "session_transition_matrix": [
          [
            0.35,
            0.65
          ],
          [
            0.23728813559322035,
            0.7627118644067796
          ]
        ],
        "checks": {
          "confidence_reaches_minimum": true,
          "pipeline_confidence_matches_payload": true,
          "non_trivial_scoring": true,
          "threshold_crossings_observed": true,
          "night_risk_higher_than_day": true,
          "trend_direction_expected": true
        },
        "notes": {
          "mean_all_sessions": 0.7271875,
          "std_all_sessions": 0.17496400299418735,
          "doom_share": 0.7375
        },
        "pass_ratio": "6/6"
      },
      "files": {
        "csv_plain": "C:\\Android Projects\\InstagramTracker\\synthetic_validation_live\\late_night_clusters\\synthetic_plain.csv",
        "csv_with_schema": "C:\\Android Projects\\InstagramTracker\\synthetic_validation_live\\late_night_clusters\\synthetic_with_schema.csv"
      }
    },
    "stable_casual": {
      "metadata": {
        "scenario": "stable_casual",
        "n_sessions": 80,
        "seed": 3033,
        "latent_risk_mean": 0.21565289508643798,
        "latent_risk_first": 0.2739455719802152,
        "latent_risk_last": 0.185590068575555
      },
      "evaluation": {
        "scenario": "stable_casual",
        "sessions_generated": 80,
        "sessions_scored": 80,
        "mean_first_window": 0.48,
        "mean_last_window": 0.4425,
        "delta_last_minus_first": -0.03749999999999998,
        "model_confidence": 0.6695337064063722,
        "model_confidence_pipeline": 0.669478678868016,
        "night_mean_doom": 0.49326923076923074,
        "day_mean_doom": 0.46484375,
        "session_transition_matrix": [
          [
            0.8103448275862069,
            0.1896551724137931
          ],
          [
            0.5238095238095238,
            0.47619047619047616
          ]
        ],
        "checks": {
          "confidence_reaches_minimum": true,
          "pipeline_confidence_matches_payload": true,
          "non_trivial_scoring": true,
          "threshold_crossings_observed": true,
          "trend_direction_expected": true,
          "overall_low_risk": true
        },
        "notes": {
          "mean_all_sessions": 0.48187499999999994,
          "std_all_sessions": 0.07561983453433366,
          "doom_share": 0.275
        },
        "pass_ratio": "6/6"
      },
      "files": {
        "csv_plain": "C:\\Android Projects\\InstagramTracker\\synthetic_validation_live\\stable_casual\\synthetic_plain.csv",
        "csv_with_schema": "C:\\Android Projects\\InstagramTracker\\synthetic_validation_live\\stable_casual\\synthetic_with_schema.csv"
      }
    }
  }
}